Name,Average
Mesocricetus_brandti,9.01
Mesocricetus_raddei,8.99
Mesocricetus_auratus,8.79
Microtus_gregalis,8.48
Phodopus_campbelli,8.47
Microtus_xanthognathus,8.1
Lasiopodomys_brandtii,8
Microtus_sachalinensis,7.89
Alticola_stoliczkanus,7.77
Eolagurus_luteus,7.5
Sigmodon_fulviventer,7.5
Cricetus_cricetus,7.14
Graomys_griseoflavus,6.97
Selevinia_betpakdalaensis,6.9
Lemmus_trimucronatus,6.86
Microtus_maximowiczii,6.8
Ondatra_zibethicus,6.55
Thomomys_clusius,6.5
Lemmus_sibiricus,6.39
Phodopus_roborovskii,6.28
Calomys_musculinus,6.27
Eligmodontia_typus,6.24
Thomomys_townsendii,6.15
Microtus_guentheri,6.14
Cricetulus_barabensis,6.06
Alticola_strelzowi,6.9
Eozapus_setchuanus,6
Peromyscus_keeni,5.99
Georychus_capensis,5.94
Microtus_richardsoni,5.93
Eligmodontia_morgani,5.9
Chionomys_gud,5.83
Cricetulus_longicaudatus,5.71
Microtus_oeconomus,5.62
Myodes_rutilus,5.6
Microtus_montanus,5.54
Chaetodipus_intermedius,5.53
Microtus_socialis,5.51
Chaetocauda_sichuanensis,5.5
Microtus_middendorffii,5.49
Pygeretmus_zhitkovi,5.49
Phodopus_sungorus,5.48
Zapus_trinotatus,5.47
Alticola_roylei,5.44
Sigmodon_hispidus,5.44
Myodes_gapperi,5.37
Zapus_hudsonius,5.36
Abrothrix_olivaceus,5.34
Microtus_fortis,5.34
Chaetodipus_hispidus,5.34
Calomys_laucha,5.3
Sicista_betulina,5.29
Chaetodipus_formosus,5.28
Myopus_schisticolor,5.25
Cricetulus_migratorius,5.2
Allocricetulus_curtatus,5.19
Necromys_urichi,5.18
Sigmodon_alstoni,5.18
Pygeretmus_platyurus,5.17
Glis_glis,5.17
Graphiurus_platyops,5.17
Microtus_pennsylvanicus,5.16
Allactodipus_bobrinskii,5.15
Lemmiscus_curtatus,5.11
Lemmus_lemmus,5.1
Microtus_townsendii,5.06
Zapus_princeps,5.04
Myodes_rufocanus,5.01
Andalgalomys_pearsoni,5
Nectomys_rattus,5
Oligoryzomys_microtis,5
Allactaga_williamsi,5
Calomyscus_mystax,4.99
Hydrochoerus_isthmius,4.99
Allocricetulus_eversmanni,4.99
Microtus_arvalis,4.99
Allactaga_euphratica,4.99
Thomomys_bulbivorus,4.99
Eliomys_melanurus,4.99
Eliomys_quercinus,4.99
Graphiurus_christyi,4.99
Graphiurus_lorraineus,4.99
Graphiurus_ocularis,4.99
Graphiurus_surdus,4.99
Oligoryzomys_flavescens,4.95
Calomys_callosus,4.91
Abrocoma_bennettii,4.86
Akodon_boliviensis,4.86
Necromys_obscurus,4.86
Peromyscus_ochraventer,4.86
Eremodipus_lichtensteini,4.86
Thomomys_talpoides,4.86
Myodes_centralis,4.83
Phenacomys_ungava,4.8
Oligoryzomys_longicaudatus,4.77
Arvicola_amphibius,4.76
Peromyscus_maniculatus,4.76
Microtus_longicaudus,4.73
Geomys_arenarius,4.71
Ellobius_lutescens,4.66
Phenacomys_intermedius,4.66
Microtus_agrestis,4.65
Akodon_cursor,4.64
Microtus_canicaudus,4.62
Thomomys_bottae,4.61
Akodon_azarae,4.59
Alticola_argentatus,4.57
Phyllotis_xanthopygus,4.54
Microtus_breweri,4.5
Necromys_lasiurus,4.5
Nectomys_squamipes,4.5
Oligoryzomys_stramineus,4.5
Napaeozapus_insignis,4.5
Allactaga_elater,4.47
Microtus_californicus,4.41
Graphiurus_kelleni,4.41
Chelemys_macronyx,4.37
Cerradomys_subflavus,4.37
Sicista_tianshanica,4.37
Ctenomys_talarum,4.34
Microtus_thomasi,4.32
Myodes_glareolus,4.31
Microtus_montebelli,4.3
Euryoryzomys_macconnelli,4.3
Muscardinus_avellanarius,4.3
Calomys_lepidus,4.29
Peromyscus_leucopus,4.27
Synaptomys_borealis,4.27
Phyllotis_osilae,4.25
Tscherskia_triton,4.24
Zygodontomys_brevicauda,4.23
Aegialomys_galapagoensis,4.2
Reithrodontomys_megalotis,4.18
Dryomys_laniger,4.18
Loxodontomys_micropus,4.16
Myodes_smithii,4.1
Salpingotus_pallidus,4.1
Oryzomys_palustris,4.08
Phyllotis_darwini,4.02
Calomyscus_bailwardi,4
Lagurus_lagurus,4
Microtus_cabrerae,4
Neusticomys_oyapocki,4
Cerradomys_marinhus,4
Hylaeamys_perenensis,4
Geomys_tropicalis,4
Glirulus_japonicus,4
Chaetodipus_californicus,4
Neacomys_tenuipes,3.94
Reithrodontomys_montanus,3.94
Allactaga_severtzovi,3.93
Akodon_dolores,3.89
Microtus_miurus,3.89
Holochilus_brasiliensis,3.88
Peromyscus_difficilis,3.88
Peromyscus_pectoralis,3.88
Reithrodontomys_darienensis,3.88
Reithrodontomys_hirsutus,3.88
Reithrodontomys_raviventris,3.88
Jaculus_blanfordi,3.88
Microtus_ochrogaster,3.87
Dicrostonyx_torquatus,3.85
Irenomys_tarsalis,3.85
Onychomys_leucogaster,3.84
Rhipidomys_mastacalis,3.8
Wiedomys_pyrrhorhinos,3.8
Chaetodipus_eremicus,3.8
Thomomys_mazama,3.79
Dicrostonyx_groenlandicus,3.78
Akodon_molinae,3.77
Reithrodontomys_fulvescens,3.76
Arvicola_scherman,3.75
Hylaeamys_megacephalus,3.72
Abrothrix_longipilis,3.7
Peromyscus_gossypinus,3.7
Peromyscus_melanotis,3.69
Chaetodipus_baileyi,3.68
Eligmodontia_dunaris,3.67
Ellobius_talpinus,3.67
Oligoryzomys_fulvescens,3.64
Oryzomys_couesi,3.63
Scapteromys_tumidus,3.63
Castor_canadensis,3.6
Microtus_majori,3.6
Oligoryzomys_nigripes,3.59
Handleyomys_alfaroi,3.59
Peromyscus_polionotus,3.59
Microtus_chrotorrhinus,3.58
Peromyscus_attwateri,3.53
Blanfordimys_juldaschi,3.52
Bathyergus_janetta,3.49
Hydrochoerus_hydrochaeris,3.49
Dicrostonyx_hudsonius,3.49
Peromyscus_aztecus,3.49
Peromyscus_truei,3.49
Reithrodontomys_sumichrasti,3.49
Allactaga_major,3.49
Dipus_sagitta,3.49
Sicista_napaea,3.49
Stylodipus_telum,3.49
Thomomys_monticola,3.49
Ellobius_fuscocapillus,3.46
Chaetodipus_nelsoni,3.46
Cavia_porcellus,3.45
Lasiopodomys_mandarinus,3.45
Neotoma_cinerea,3.45
Chaetodipus_fallax,3.45
Allactaga_sibirica,3.44
Chionomys_nivalis,3.42
Auliscomys_boliviensis,3.4
Blanfordimys_afghanus,3.4
Geoxus_valdivianus,3.4
Nephelomys_albigularis,3.4
Oxymycterus_delator,3.4
Peromyscus_merriami,3.4
Prometheomys_schaposchnikowi,3.4
Reithrodon_auritus,3.4
Reithrodontomys_brevirostris,3.4
Reithrodontomys_chrysopsis,3.4
Paradipus_ctenodactylus,3.4
Chaetodipus_penicillatus,3.4
Onychomys_arenicola,3.38
Pygeretmus_pumilio,3.35
Caryomys_eva,3.33
Microtus_oregoni,3.32
Oligoryzomys_delticola,3.3
Onychomys_torridus,3.3
Jaculus_jaculus,3.24
Dryomys_nitedula,3.24
Transandinomys_bolivaris,3.23
Arvicola_sapidus,3.21
Neotomodon_alstoni,3.2
Oecomys_auyantepui,3.2
Ctenomys_mendocinus,3.2
Thrichomys_apereoides,3.2
Peromyscus_boylii,3.18
Microcavia_niata,3.16
Microcavia_shiptoni,3.16
Graphiurus_crassicaudatus,3.16
Oecomys_bicolor,3.15
Geomys_bursarius,3.14
Holochilus_sciureus,3.12
Neotoma_floridana,3.11
Reithrodontomys_gracilis,3.11
Graphiurus_nagtglasii,3.11
Myodes_californicus,3.1
Peromyscus_hooperi,3.09
Synaptomys_cooperi,3.09
Geomys_personatus,3.09
Peromyscus_crinitus,3.08
Scotinomys_xerampelinus,3.08
Fukomys_damarensis,3
Fukomys_ochraceocinereus,3
Juliomys_pictipes,3
Microtus_abbreviatus,3
Microtus_multiplex,3
Neodon_irene,3
Cerradomys_maracajuensis,3
Hylaeamys_yunganus,3
Peromyscus_eva,3
Peromyscus_yucatanicus,3
Salinomys_delicatus,3
Sigmodon_ochrognathus,3
Thomasomys_baeops,3
Thomasomys_cinereus,3
Ctenomys_australis,3
Ctenomys_peruanus,3
Ctenomys_rionegrensis,3
Allactaga_tetradactyla,3
Salpingotulus_michaelis,3
Isothrix_sinnamariensis,3
Proechimys_steerei,3
Trinomys_eliasi,3
Graphiurus_murinus,3
Reithrodontomys_humulis,2.99
Castor_fiber,2.95
Oecomys_concolor,2.95
Andinomys_edax,2.91
Arborimus_longicaudus,2.91
Lundomys_molitor,2.91
Microtus_tatricus,2.91
Peromyscus_madrensis,2.91
Peromyscus_melanophrys,2.91
Reithrodontomys_mexicanus,2.91
Tylomys_watsoni,2.91
Chaetodipus_arenarius,2.91
Bathyergus_suillus,2.89
Proechimys_semispinosus,2.84
Neacomys_paracou,2.8
Dicrostonyx_unalascensis,2.79
Neotoma_fuscipes,2.79
Peromyscus_perfulvus,2.79
Proechimys_guairae,2.79
Peromyscus_melanurus,2.75
Arborimus_albipes,2.73
Fukomys_anselli,2.7
Neotoma_lepida,2.7
Rhipidomys_macconnelli,2.7
Rhipidomys_nitela,2.7
Proechimys_cuvieri,2.7
Baiomys_musculus,2.62
Ochrotomys_nuttalli,2.62
Fukomys_mechowi,2.6
Galea_musteloides,2.6
Megadontomys_thomasi,2.6
Podomys_floridanus,2.6
Neotoma_mexicana,2.59
Salpingotus_crassicauda,2.59
Peromyscus_mexicanus,2.56
Geomys_breviceps,2.53
Baiomys_taylori,2.52
Peromyscus_eremicus,2.52
Allactaga_bullata,2.52
Microtus_duodecimcostatus,2.51
Oxymycterus_rufus,2.51
Anomalurus_pelii,2.5
Chinchilla_chinchilla,2.5
Dinaromys_bogdanovi,2.5
Hyperacrius_fertilis,2.5
Hyperacrius_wynnei,2.5
Microtus_savii,2.5
Neotoma_micropus,2.5
Oecomys_rex,2.5
Oecomys_roberti,2.5
Oecomys_rutilus,2.5
Ctenomys_torquatus,2.5
Proechimys_quadruplicatus,2.5
Thrichomys_pachyurus,2.5
Geomys_texensis,2.5
Cryptomys_hottentotus,2.48
Microcavia_australis,2.48
Microtus_pinetorum,2.47
Tylomys_nudicaudus,2.47
Aplodontia_rufa,2.46
Heliophobius_argenteocinereus,2.46
Microtus_subterraneus,2.46
Scotinomys_teguina,2.46
Isthmomys_pirrensis,2.43
Peromyscus_grandis,2.43
Eothenomys_miletus,2.42
Jaculus_orientalis,2.41
Proechimys_hoplomyoides,2.4
Peromyscus_interparietalis,2.39
Peromyscus_stirtoni,2.38
Cratogeomys_castanops,2.34
Microtus_mexicanus,2.33
Neofiber_alleni,2.33
Ellobius_tancrei,2.31
Neodon_sikimensis,2.25
Peromyscus_melanocarpus,2.23
Reithrodontomys_creper,2.21
Ototylomys_phyllotis,2.2
Thomomys_umbrinus,2.2
Abrocoma_cinerea,2.19
Galea_spixii,2.19
Proechimys_guyannensis,2.16
Cavia_aperea,2.14
Neotoma_albigula,2.14
Makalata_didelphoides,2.11
Microtus_transcaspicus,2.1
Dasyprocta_fuliginosa,2.1
Hoplomys_gymnurus,2.1
Microtus_lusitanicus,2.09
Massoutiera_mzabi,2.04
Trinomys_yonenagae,2
Capromys_pilorides,2
Mysateles_prehensilis,2
Arborimus_pomo,2
Calomys_hummelincki,2
Kunsia_tomentosus,2
Neacomys_dubosti,2
Neotoma_magister,2
Neotoma_phenax,2
Nyctomys_sumichrasti,2
Peromyscus_guardia,2
Peromyscus_levipes,2
Peromyscus_megalops,2
Ctenodactylus_gundi,2
Ctenodactylus_vali,2
Ctenomys_opimus,2
Dasyprocta_cristata,2
Dactylomys_boliviensis,2
Proechimys_echinothrix,2
Proechimys_gardneri,2
Proechimys_pattoni,2
Proechimys_simonsi,2
Trinomys_dimidiatus,2
Chaetodipus_pernix,2
Heterocephalus_glaber,11.3
Microtus_kikuchii,1.97
Myoprocta_acouchy,1.97
Dinomys_branickii,1.97
Orthogeomys_hispidus,1.97
Dolichotis_salinicola,1.94
Caryomys_inez,1.94
Chionomys_roberti,1.94
Ichthyomys_tweedii,1.94
Neusticomys_monticolus,1.94
Peromyscus_californicus,1.94
Peromyscus_furvus,1.94
Peromyscus_guatemalensis,1.94
Peromyscus_zarhynchus,1.94
Punomys_lemminus,1.94
Echimys_chrysurus,1.94
Cratogeomys_merriami,1.94
Cratogeomys_fumosus,1.94
Lagostomus_maximus,1.93
Cavia_tschudii,1.9
Habromys_lepturus,1.9
Otonyctomys_hatti,1.9
Geomys_attwateri,1.89
Chinchilla_lanigera,1.87
Myoprocta_pratti,1.77
Mesocapromys_melanurus,1.75
Dolichotis_patagonum,1.75
Geocapromys_brownii,1.73
Osgoodomys_banderanus,1.68
Geomys_pinetis,1.68
Carterodon_sulcidens,1.67
Xenomys_nelsoni,1.6
Lophiomys_imhausi,1.58
Kerodon_rupestris,1.52
Rhipidomys_venustus,1.5
Dasyprocta_prymnolopha,1.5
Melanomys_caliginosus,1.45
Microtus_quasiater,1.4
Dasyprocta_leporina,1.4
Hodomys_alleni,1.39
Trinomys_gratiosus,1.37
Cavia_fulgida,1.34
Neotoma_goldmani,1.29
Dasyprocta_punctata,1.25
Blarinomys_breviceps,1.21
Microtus_oaxacensis,1.2
Diplomys_labilis,1.18
Pectinator_spekei,1.17
Plagiodontia_aedium,1.14
Cavia_intermedia,1.11
Neotoma_stephensi,1.06
Geocapromys_ingrahami,1.04
Cuniculus_paca,1.01
Anomalurus_derbianus,1
Idiurus_zenkeri,1
Mesocapromys_nanus,1
Cavia_magna,1
Lagidium_peruanum,1
Lagidium_viscacia,1
Thomasomys_apeco,1
Felovia_vae,1
Cuniculus_taczanowskii,1
Kannabateomys_amblyonyx,1
Proechimys_kulinae,1
Coendou_bicolor,1
Erethizon_dorsatum,1
Anomalurus_beecrofti,0.98
Coendou_prehensilis,0.98
Idiurus_macrotis,0.97
Anotomys_leander,0.97
Chibchanomys_trichotis,FALSE
Neotoma_chrysomelas,0.97
Rheomys_raptor,0.97
Rheomys_thomasi,0.97
Euryzygomatomys_spinosus,0.97
Isothrix_bistriata,0.97
Mesomys_hispidus,0.97
Trinomys_iheringi,0.97
Pappogeomys_bulleri,0.97
Eothenomys_melanogaster,1.8
Apodemus_chevrieri,6.03
Apodemus_agrarius,5.69
Perognathus_fasciatus,5.48
Liomys_spectabilis,5
Apodemus_flavicollis,4.94
Perognathus_parvus,4.86
Dipodomys_ingens,4.77
Perognathus_longimembris,4.45
Apodemus_peninsulae,4.41
Perognathus_flavescens,4.37
Liomys_irroratus,4.22
Perognathus_merriami,4.18
Perognathus_inornatus,4
Perognathus_flavus,3.94
Microdipodops_pallidus,3.89
Apodemus_mystacinus,3.88
Dipodomys_panamintinus,3.78
Liomys_salvini,3.69
Microdipodops_megacephalus,3.68
Liomys_pictus,3.67
Aethomys_nyikae,3.56
Heteromys_oresterus,3.41
Dipodomys_deserti,3.36
Liomys_adspersus,3.2
Dipodomys_heermanni,3.11
Aethomys_chrysophilus,3.09
Heteromys_desmarestianus,3.06
Aethomys_kaiseri,3
Dipodomys_ordii,2.95
Heteromys_gaumeri,2.95
Acomys_dimidiatus,2.92
Dipodomys_elator,2.91
Heteromys_anomalus,2.83
Heteromys_australis,2.75
Acomys_spinosissimus,2.71
Aethomys_ineptus,2.7
Dipodomys_stephensi,2.68
Dipodomys_spectabilis,2.67
Dipodomys_agilis,2.6
Dipodomys_californicus,2.6
Dipodomys_phillipsii,2.59
Dipodomys_simulans,2.5
Acomys_russatus,2.5
Dipodomys_merriami,2.39
Dipodomys_microps,2.37
Acomys_wilsoni,2.29
Dipodomys_nitratoides,2.14
Acomys_cilicicus,2.05
Aethomys_hindei,2.05
Dipodomys_compactus,1.94
Dipodomys_nelsoni,1.94
Dipodomys_venustus,1.73
Hystrix_cristata,1.73
Hystrix_indica,1.73
Acomys_cahirinus,1.72
Hystrix_africaeaustralis,1.51
Atherurus_africanus,1.5
Atherurus_macrourus,1.5
Hystrix_brachyura,1.41
Hystrix_javanica,1.4
Trichys_fasciculata,1
Abeomelomys_sevia,1
Rattus_argentiventer,9.85
Ammospermophilus_interpres,9.36
Mastomys_natalensis,9.23
Ammospermophilus_nelsoni,8.9
Poliocitellus_franklinii,8.69
Urocitellus_townsendii_,8.49
Ictidomys_tridecemlineatus,8.08
Gerbillus_cheesmani,8
Mus_terricolor,8
Ammospermophilus_leucurus,8
Rattus_nitidus,7
Urocitellus_mollis,7.97
Mastomys_coucha,7.96
Urocitellus_washingtoni,7.88
Spermophilus_erythrogenys,7.77
Urocitellus_undulatus,7.77
Urocitellus_richardsonii,7.59
Urocitellus_brunneus,7.5
Meriones_vinogradovi,7.48
Bandicota_bengalensis,7.29
Spermophilus_pygmaeus,7.08
Rattus_colletti,7
Rattus_villosissimus,7
Rattus_norvegicus,6.96
Xerospermophilus_spilosoma,6.94
Mus_platythrix,6.93
Tamias_umbrinus,6.8
Rattus_losea,6.78
Saccostomus_campestris,6.75
Otospermophilus_beecheyi,6.71
Mus_spicilegus,6.69
Xerospermophilus_mohavensis,6.5
Urocitellus_parryii,6.5
Spermophilus_citellus,6.48
Mastomys_huberti,6.4
Rattus_mindorensis,6.4
Ammospermophilus_harrisii,6.32
Xerospermophilus_tereticaudus,6.32
Marmota_bobak,6.2
Bandicota_indica,6.12
Xerospermophilus_perotensis,6.07
Diplothrix_legata,6
Rattus_tanezumi,6
Meriones_sacramenti,5.99
Rattus_sordidus,5.99
Marmota_baibacina,5.99
Spermophilus_fulvus,5.99
Mus_booduga,5.96
Tamias_quadrimaculatus,5.93
Ictidomys_mexicanus,5.91
Arvicanthis_neumanni,5.89
Rattus_rattus,5.88
Meriones_shawi,5.84
Meriones_persicus,5.83
Meriones_tristrami,5.8
Zelotomys_hildegardeae,5.75
Saccostomus_mearnsi,5.75
Urocitellus_elegans,5.75
Apodemus_uralensis,5.72
Millardia_meltada,5.72
Urocitellus_beldingi,5.71
Rhabdomys_pumilio,5.68
Meriones_meridianus,5.64
Spermophilus_dauricus,5.62
Mus_musculus,5.54
Hylomyscus_grandis,5.5
Spermophilus_suslicus,5.49
Tamiasciurus_douglasii,5.49
Praomys_daltoni,5.44
Cynomys_leucurus,5.4
Urocitellus_armatus,5.4
Rattus_novaeguineae,5.37
Rattus_tunneyi,5.34
Myocastor_coypus,5.34
Octodon_degus,5.31
Rhabdomys_pumilio,5.28
Gerbilliscus_robustus,5.26
Cremnomys_cutchicus,5.23
Callospermophilus_lateralis,5.18
Apodemus_sylvaticus,5.16
Mus_spretus,5.15
Meriones_unguiculatus,5.01
Tamias_sibiricus,5.01
Niviventer_fulvescens,4
Tatera_indica,4.99
Zelotomys_woosnami,4.99
Marmota_camtschatica,4.99
Sciurus_variegatoides,4.99
Spermophilus_xanthoprymnus,4.99
Tamias_amoenus,4.99
Tamias_dorsalis,4.99
Tamias_minimus,4.95
Otospermophilus_variegatus,4.93
Micromys_minutus,4.92
Pseudomys_apodemoides,4.9
Cynomys_parvidens,4.89
Spermophilus_relictus,4.89
Tamias_cinereicollis,4.89
Arvicanthis_niloticus,4.86
Gerbillus_latastei,4.86
Niviventer_eha,4.86
Tamias_ruficaudus,4.85
Golunda_ellioti,4.83
Mus_indutus,4.76
Gerbillus_simoni,4.68
Marmota_caligata,4.67
Marmota_flaviventris,4.66
Gerbillus_perpallidus,4.65
Lemniscomys_striatus,4.64
Dendromus_nyikae,4.62
Steatomys_krebsii,4.62
Hylomyscus_denniae,4.61
Lemniscomys_barbarus,4.61
Rhombomys_opimus,4.59
Rattus_fuscipes,4.58
Meriones_libycus,4.54
Gerbilliscus_leucogaster,4.5
Notomys_aquilo,4.5
Marmota_sibirica,4.5
Sciurus_vulgaris,4.5
Spermophilopsis_leptodactylus,4.5
Tamias_alpinus,4.5
Tamias_merriami,4.5
Myospalax_myospalax,4.5
Cynomys_gunnisoni,4.48
Apodemus_speciosus,4.47
Taterillus_pygargus,4.47
Rattus_lutreolus,4.45
Gerbilliscus_nigricaudus,4.44
Pseudomys_novaehollandiae,4.43
Cynomys_ludovicianus,4.43
Stenocephalemys_albipes,4.41
Gerbillurus_tytonis,4.4
Mus_cervicolor,4.4
Mus_triton,4.4
Rattus_praetor,4.37
Taeromys_taerae,4.37
Tamias_senex,4.37
Gerbillus_campestris,4.34
Callospermophilus_madrensis,4.34
Uromys_anak,4.3
Rattus_pyctoris,4.23
Meriones_crassus,4.21
Mus_mattheyi,4.2
Hylomyscus_aeta,4.18
Mus_minutoides,4.18
Nesokia_indica,4.18
Cynomys_mexicanus,4.18
Gerbillus_gerbillus,4.14
Tamias_speciosus,4.14
Meriones_hurrianae,4.1
Praomys_rostratus,4.1
Marmota_monax,4.1
Uranomys_ruddi,4.07
Gerbilliscus_boehmi,4.06
Meriones_tamariscinus,4.04
Mylomys_dybowskii,4.04
Malacothrix_typica,4.04
Tamias_panamintinus,4.04
Notomys_alexis,4.01
Gerbilliscus_kempi,4
Gerbillus_henleyi,4
Kadarsanomys_sodyi,4
Niviventer_niviventer,4
Pelomys_fallax,4
Pseudomys_chapmani,4
Taterillus_gracilis,4
Vandeleuria_nolthenii,4
Marmota_marmota,4
Marmota_olympus,4
Sciurus_anomalus,4
Tamias_ochrogenys,4
Tamias_sonomae,4
Rhizomys_sumatrensis,4
Mus_pahari,3.97
Dendromus_melanotis,3.97
Steatomys_pratensis,3.96
Gerbilliscus_validus,3.94
Dendromus_mesomelas,3.94
Tamias_palmeri,3.93
Tamiasciurus_hudsonicus,3.93
Gerbilliscus_afra,3.92
Mus_setulosus,3.92
Tamias_quadrivittatus,3.92
Gerbillus_andersoni,3.89
Pseudomys_albocinereus,3.89
Berylmys_bowersi,3.88
Gerbillus_dasyurus,3.88
Praomys_delectorum,3.88
Notocitellus_annulatus,3.88
Tamias_canipes,3.88
Thryonomys_swinderianus,3.88
Gerbillurus_vallinus,3.87
Rattus_tiomanicus,3.87
Sundamys_muelleri,3.8
Taterillus_emini,3.76
Praomys_derooi,3.75
Tamias_townsendii,3.75
Eoglaucomys_fimbriatus,3.74
Niviventer_cremoriventer,3.7
Otomys_angoniensis,3.7
Rattus_exulans,3.7
Myospalax_aspalax,3.7
Lemniscomys_griselda,3.68
Dremomys_lokriah,3.68
Praomys_jacksoni,3.67
Rattus_steini,3.65
Marmota_caudata,3.65
Gerbillurus_paeba,3.64
Thallomys_nigricauda,3.6
Sciurotamias_davidianus,3.6
Marmota_vancouverensis,3.59
Apodemus_semotus,3.56
Maxomys_surifer,3.54
Urocitellus_columbianus,3.54
Hydromys_chrysogaster,3.51
Leggadina_forresti,3.5
Pseudomys_fumeus,3.5
Aethomys_namaquensis,3.49
Mus_musculoides,3.49
Pachyuromys_duprasi,3.49
Praomys_hartwigi,3.49
Psammomys_obesus,3.49
Pseudomys_fieldi,3.49
Beamys_hindei,3.49
Dendromus_kahuziensis,3.49
Ratufa_macroura,3.49
Tamias_obscurus,3.49
Niviventer_confucianus,3.45
Rattus_leucopus,3.45
Dendromus_mystacalis,3.45
Xerus_erythropus,3.45
Tamiasciurus_mearnsi,3.4
Tamiops_swinhoei,3.4
Praomys_tullbergi,3.36
Leopoldamys_sabanus,3.33
Eospalax_fontanierii,3.32
Gerbillus_pyramidum,3.3
Maxomys_rajah,3.29
Notomys_mitchellii,3.28
Praomys_morio,3.28
Zyzomys_pedunculatus,3.25
Vandeleuria_oleracea,3.24
Spalax_leucodon,3.24
Aconaemys_fuscus,3.23
Thallomys_paedulcus,3.2
Sciurus_aberti,3.2
Pseudomys_delicatulus,3.19
Delanymys_brooksi,3.19
Gerbillus_nanus,3.16
Spalacopus_cyanus,3.14
Glaucomys_volans,3.13
Grammomys_dolichurus,3.11
Hylomyscus_stella,3.11
Cricetomys_gambianus,3.11
Sundasciurus_tenuis,3.11
Myospalax_psilurus,3.11
Sciurus_arizonensis,3.09
Notomys_fuscus,3.07
Leopoldamys_ciliatus,3
Apomys_gracilirostris,3
Echiothrix_centrosa,3
Gerbillus_gleadowi,3
Hylomyscus_alleni,3
Leggadina_lakedownensis,3
Lophuromys_sikapusi,3
Maxomys_whiteheadi,3
Pseudomys_australis,3
Pseudomys_desertor,3
Pseudomys_nanus,3
Pseudomys_occidentalis,3
Pseudomys_shortridgei,3
Uromys_hadrourus,3
Mystromys_albicaudatus,3
Callosciurus_baluensis,3
Callosciurus_orestes,3
Glaucomys_sabrinus,3
Sciurus_alleni,3
Sciurus_yucatanensis,3
Rhizomys_pruinosus,3
Rhizomys_sinensis,3
Sciurus_carolinensis,2.98
Leporillus_conditor,2.95
Mus_mayori,2.95
Notomys_cervinus,2.95
Dendromus_messorius,2.95
Funambulus_pennantii,2.95
Lenothrix_canus,2.91
Malacomys_longipes,2.91
Maxomys_inas,2.91
Parotomys_littledalei,2.91
Pseudomys_gracilicaudatus,2.91
Heliosciurus_gambianus,2.91
Heliosciurus_ruwenzorii,2.91
Sciurus_deppei,2.91
Spalax_microphthalmus,2.91
Thryonomys_gregorianus,2.91
Grammomys_cometes,2.9
Sekeetamys_calurus,2.9
Otomys_angoniensis,2.86
Oenomys_hypoxanthus,2.81
Pogonomys_macrourus,2.81
Zyzomys_argurus,2.76
Dephomys_defua,2.75
Lorentzimys_nouhuysi,2.75
Gerbilliscus_brantsii,2.74
Marmota_menzbieri,2.73
Hybomys_trivirgatus,2.72
Chiruromys_forbesi,2.68
Mammelomys_lanosus,2.68
Pogonomys_loriae,2.68
Protochromys_fellowsi,2.68
Dasymys_incomtus,2.67
Sciurus_colliaei,2.66
Sciurus_griseus,2.65
Pogonomys_sylvestris,2.64
Funambulus_tristriatus,2.64
Iomys_horsfieldii,2.64
Desmodillus_auricularis,2.62
Pseudomys_higginsi,2.62
Callosciurus_notatus,2.62
Funambulus_palmarum,2.62
Desmodilliscus_braueri,2.6
Sciurus_niger,2.6
Sciurus_richmondi,2.59
Tamiops_maritimus,2.59
Uromys_caudimaculatus,2.5
Madromys_blanfordi,2.5
Melomys_burtoni,2.5
Melomys_lutillus,2.5
Pelomys_minor,2.5
Macrotarsomys_bastardi,2.5
Pteromys_volans,2.5
Rattus_mordax,2.47
Malacomys_edwardsi,2.46
Petromyscus_collinus,2.46
Exilisciurus_exilis,2.46
Sundasciurus_lowii,2.46
Funisciurus_congicus,2.44
Funambulus_layardi,2.43
Sciurus_nayaritensis,2.43
Tamias_bulleri,2.43
Stochomys_longicaudatus,2.38
Tamias_durangae,2.38
Tamiops_macclellandii,2.38
Niviventer_coninga,2.37
Callosciurus_nigrovittatus,2.36
Hybomys_univittatus,2.3
Lophuromys_flavopunctatus,2.3
Millardia_gleadowi,2.3
Zyzomys_woodwardi,2.23
Hylopetes_alboniger,2.23
Melomys_cervinipes,2.2
Paraxerus_ochraceus,2.2
Callosciurus_caniceps,2.19
Melomys_rufescens,2.17
Chiruromys_lamia,2.15
Melomys_leucogaster,2.15
Paramelomys_moncktoni,2.15
Pogonomelomys_mayeri,2.15
Pogonomys_championi,2.15
Rattus_niobe,2.15
Rattus_richardsoni,2.15
Rattus_vandeuseni,2.15
Rattus_verecundus,2.15
Xerus_inauris,2.06
Parotomys_brantsii,2.04
Octodontomys_gliroides,2.04
Paraxerus_cepapi,2.02
Bunomys_chrysocomus,2
Conilurus_penicillatus,2
Margaretamys_beccarii,2
Margaretamys_elegans,2
Margaretamys_parvus,2
Melomys_capensis,2
Mesembriomys_macrurus,2
Paramelomys_rubex,2
Pithecheir_parvus,2
Pseudomys_hermannsburgensis,2
Xeromys_myoides,2
Callosciurus_finlaysonii,2
Epixerus_ebii,2
Funambulus_sublineatus,2
Heliosciurus_rufobrachium,2
Hylopetes_lepidus,2
Microsciurus_flaviventer,2
Paraxerus_lucifer,2
Petinomys_fuscocapillus,2
Petinomys_vordermanni,2
Sciurus_ignitus,2
Xerus_princeps,2
Cannomys_badius,2
Mastomys_erythroleucus,11.23
Rattus_andamanensis,10
Colomys_goslingi,1.97
Lophuromys_woosnami,1.97
Myosciurus_pumilio,1.97
Leopoldamys_edwardsi,1.94
Lophuromys_rahmi,1.94
Mus_tenellus,1.94
Paramelomys_platyops,1.94
Gymnuromys_roberti,1.94
Callosciurus_adamsi,1.94
Callosciurus_erythraeus,1.94
Exilisciurus_concinnus,1.94
Exilisciurus_whiteheadi,1.94
Lariscus_hosei,1.94
Sciurillus_pusillus,1.94
Sciurus_aureogaster,1.94
Xerus_rutilus,1.94
Sciurus_granatensis,1.9
Leptomys_elegans,1.88
Mesembriomys_gouldii,1.87
Funisciurus_lemniscatus,1.8
Deomys_ferrugineus,1.7
Otomys_typus,1.7
Mammelomys_rattoides,1.69
Paramelomys_mollis,1.69
Chiropodomys_gliroides,1.65
Otomys_irroratus,1.65
Trogopterus_xanthipes,1.64
Paraxerus_palliatus,1.6
Otomys_denti,1.59
Lophuromys_nudicaudus,1.55
Paramelomys_levipes,1.52
Petromus_typicus,1.5
Paraxerus_poensis,1.5
Petinomys_setosus,1.5
Ratufa_bicolor,1.5
Protoxerus_stangeri,1.47
Otomys_sloggetti,1.44
Otomys_unisulcatus,1.42
Mastacomys_fuscus,1.41
Tachyoryctes_splendens,1.41
Rhinosciurus_laticaudatus,1.39
Thamnomys_venustus,1.33
Funisciurus_anerythrus,1.32
Otomys_tropicalis,1.29
Callosciurus_prevostii,1.29
Pteromyscus_pulverulentus,1.28
Hypogeomys_antimena,1.26
Funisciurus_pyrropus,1.26
Paraxerus_flavovittis,1.22
Chiruromys_vates,1.07
Crossomys_moncktoni,1.07
Hyomys_dammermani,1.07
Mallomys_istapantap,1.07
Paramelomys_lorentzii,1.07
Aeromys_tephromelas,1.07
Petinomys_genibarbis,1.07
Paraxerus_boehmi,1.06
Mallomys_aroaensis,1.02
Mallomys_rothschildi,1.02
Archboldomys_luzonensis,1
Hyomys_goliath,1
Lamottemys_okuensis,1
Lenomys_meyeri,1
Lophuromys_luteogaster,1
Melasmothrix_naso,1
Phloeomys_cumingi,1
Pseudohydromys_ellermani,1
Taeromys_callitrichus,1
Tateomys_macrocercus,1
Tateomys_rhinogradoides,1
Pedetes_surdaster,1
Petaurista_elegans,1
Petaurista_petaurista,1
Tachyoryctes_macrocephalus,1
Pedetes_capensis,0.98
Funisciurus_isabella,0.98
Pseudohydromys_murinus,0.97
Cricetomys_emini,0.97
Funisciurus_leucogenys,0.97
Paraxerus_alexandri,0.97
Petaurista_magnificus,0.97